Country_Code_ISO3,Country,year,Goal_8_Score,sdg8_adjgrowth,sdg8_unemp
AFG,Afghanistan,2024,39.538653226400335,0.0,55.88534543833037
AFG,Afghanistan,2025,39.53773328636019,0.0,55.892306720378485
AFG,Afghanistan,2026,39.53796494177508,0.0,55.89481167513453
AFG,Afghanistan,2027,39.53790660728706,0.0,55.895713060581414
AFG,Afghanistan,2028,39.53792129683142,0.0,55.89603741603011
AGO,Angola,2024,58.99526445758071,31.954,62.27332683580824
AGO,Angola,2025,58.97916011883663,31.954,62.279393069501864
AGO,Angola,2026,58.988429644773625,31.954,62.27795969763734
AGO,Angola,2027,58.98309418130244,31.954,62.278298384705096
AGO,Angola,2028,58.986165230528236,31.954,62.278218357370456
ALB,Albania,2024,66.18786517472711,77.995,52.71055229276162
ALB,Albania,2025,66.18795870028924,77.995,52.70734348049856
ALB,Albania,2026,66.18797873449921,77.995,52.70751352321156
ALB,Albania,2027,66.1879830260486,77.995,52.70750451223744
ALB,Albania,2028,66.18798394534595,77.995,52.707504989750724
ARE,United Arab Emirates,2024,63.6981766857464,71.025,91.48522069576482
ARE,United Arab Emirates,2025,63.69729376607535,71.025,91.66606899565343
ARE,United Arab Emirates,2026,63.697225920277795,71.025,91.76820514114674
ARE,United Arab Emirates,2027,63.69722070683381,71.025,91.82588769731483
ARE,United Arab Emirates,2028,63.69722030621949,71.025,91.85846458055254
ARG,Argentina,2024,79.2462681839302,57.274,75.60532703666696
ARG,Argentina,2025,79.23126906486968,57.274,75.62971741528398
ARG,Argentina,2026,79.234013231541,57.274,75.62831988567716
ARG,Argentina,2027,79.2335111720074,57.274,75.62839996188396
ARG,Argentina,2028,79.23360302640455,57.274,75.62839537364563
ARM,Armenia,2024,73.17746412765923,74.909,50.91634796658468
ARM,Armenia,2025,73.36808938683609,74.909,50.91029876303233
ARM,Armenia,2026,73.19671277477941,74.909,50.91088567653765
ARM,Armenia,2027,73.35078439827174,74.909,50.910828732270566
ARM,Armenia,2028,73.21227036837767,74.909,50.91083425718953
AUS,Australia,2024,86.18980595551038,79.234,88.35885704779609
AUS,Australia,2025,85.98934300849794,79.234,88.30805675744861
AUS,Australia,2026,85.90593023765237,79.234,88.3439706946133
AUS,Australia,2027,85.8712221260346,79.234,88.31858086172363
AUS,Australia,2028,85.85678005679435,79.234,88.33653053990037
AUT,Austria,2024,82.97115827016896,69.03,82.37385280666626
AUT,Austria,2025,82.86165932636557,69.03,82.13591862125284
AUT,Austria,2026,82.82208629494261,69.03,82.04079479773074
AUT,Austria,2027,82.80778456050018,69.03,82.00276519813478
AUT,Austria,2028,82.80261589889638,69.03,81.98756132604596
AZE,Azerbaijan,2024,73.92995972692842,65.848,81.04127343838866
AZE,Azerbaijan,2025,74.10141661715815,65.848,81.19851510579913
AZE,Azerbaijan,2026,74.27089379625798,65.848,81.34632663049904
AZE,Azerbaijan,2027,74.4384141227794,65.848,81.48527355973172
AZE,Azerbaijan,2028,74.6040001913398,65.848,81.61588752357784
BDI,Burundi,2024,54.9199929449624,32.239,97.80490538191337
BDI,Burundi,2025,54.918275087582096,32.239,97.79546855229039
BDI,Burundi,2026,54.91819498434821,32.239,97.79505453099071
BDI,Burundi,2027,54.91819124915567,32.239,97.7950363666661
BDI,Burundi,2028,54.918191074984634,32.239,97.79503556974409
BEL,Belgium,2024,84.27457917797166,82.005,78.0186366820005
BEL,Belgium,2025,84.27823870830545,82.005,78.39058933057095
BEL,Belgium,2026,84.27605583663139,82.005,78.20497679848405
BEL,Belgium,2027,84.27735789681694,82.005,78.29760152423911
BEL,Belgium,2028,84.27658123149715,82.005,78.25137975394838
BEN,Benin,2024,76.37447470357286,66.975,95.72463924522468
BEN,Benin,2025,76.11549379597646,66.975,95.83946814709968
BEN,Benin,2026,76.30883619314864,66.975,95.94040011959493
BEN,Benin,2027,76.16449627677711,66.975,96.02911700972831
BEN,Benin,2028,76.27225335314968,66.975,96.10709712247514
BFA,Burkina Faso,2024,69.98174793992045,59.056,81.90838397653934
BFA,Burkina Faso,2025,69.87301930768405,59.056,81.86479605894927
BFA,Burkina Faso,2026,69.81198111577427,59.056,81.86983047131956
BFA,Burkina Faso,2027,69.77771543253166,59.056,81.86924899577966
BFA,Burkina Faso,2028,69.75847932786759,59.056,81.86931615630975
BGD,Bangladesh,2024,74.57566961760503,80.721,83.61133163330803
BGD,Bangladesh,2025,74.55607665815893,80.721,83.6286864643497
BGD,Bangladesh,2026,74.57477829956002,80.721,83.63444187730829
BGD,Bangladesh,2027,74.55692742858479,80.721,83.63635055496954
BGD,Bangladesh,2028,74.57396623217107,80.721,83.63698353307915
BGR,Bulgaria,2024,82.8768322537716,89.543,84.20152525410214
BGR,Bulgaria,2025,82.6758690336361,89.543,83.98066506014327
BGR,Bulgaria,2026,82.74173925475765,89.543,83.94143690095751
BGR,Bulgaria,2027,82.72014880637771,89.543,83.93446937799413
BGR,Bulgaria,2028,82.7272255620544,89.543,83.93323183901059
BHR,Bahrain,2024,81.88551805903528,74.157,96.40434257247831
BHR,Bahrain,2025,81.88547731955757,74.157,96.40986790674602
BHR,Bahrain,2026,81.88549137782121,74.157,96.41199648715347
BHR,Bahrain,2027,81.88548652663539,74.157,96.41281650171395
BHR,Bahrain,2028,81.88548820066886,74.157,96.41313240421734
BHS,"Bahamas, The",2024,66.41406441025583,46.335,63.64232573207808
BHS,"Bahamas, The",2025,66.41080990653977,46.335,63.151623960393884
BHS,"Bahamas, The",2026,66.41308067473058,46.335,62.76179352509972
BHS,"Bahamas, The",2027,66.41149628932921,46.335,62.452098763330156
BHS,"Bahamas, The",2028,66.41260176416817,46.335,62.20606654833614
BIH,Bosnia and Herzegovina,2024,77.27924438117257,82.792,44.7873838321316
BIH,Bosnia and Herzegovina,2025,77.61916950098467,82.792,44.85023923098023
BIH,Bosnia and Herzegovina,2026,77.90014376438931,82.792,44.88477908762601
BIH,Bosnia and Herzegovina,2027,78.132390609634,82.792,44.90375918669409
BIH,Bosnia and Herzegovina,2028,78.32436049496272,82.792,44.91418899722656
BLR,Belarus,2024,66.60531624498967,72.35,84.36076760552947
BLR,Belarus,2025,66.60633888755125,72.35,84.10612272869295
BLR,Belarus,2026,66.60606559175172,72.35,83.88192926164446
BLR,Belarus,2027,66.60613862860433,72.35,83.68454570815756
BLR,Belarus,2028,66.60611910989293,72.35,83.51076603607332
BLZ,Belize,2024,65.98462263196144,58.797,61.79726777480714
BLZ,Belize,2025,65.98571851507148,58.797,61.797031192044834
BLZ,Belize,2026,65.98606601883577,58.797,61.79699888019321
BLZ,Belize,2027,65.98617621203529,58.797,61.79699446712547
BLZ,Belize,2028,65.98621115422145,58.797,61.796993864400285
BOL,Bolivia,2024,75.02637708117717,50.594,83.18931883777714
BOL,Bolivia,2025,75.03455103094886,50.594,83.13177710361316
BOL,Bolivia,2026,75.03436435354159,50.594,83.12732485802891
BOL,Bolivia,2027,75.03436861689717,50.594,83.12698036909353
BOL,Bolivia,2028,75.03436851953026,50.594,83.12695371453813
BRA,Brazil,2024,75.84401007740055,63.046,64.95042482730453
BRA,Brazil,2025,75.83247424680872,63.046,65.2187154658171
BRA,Brazil,2026,75.83168005778255,63.046,65.15810467808052
BRA,Brazil,2027,75.83162538151072,63.046,65.17179754343883
BRA,Brazil,2028,75.83162161730019,63.046,65.16870412444986
BRB,Barbados,2024,69.15602576663505,38.477,72.08503840625465
BRB,Barbados,2025,68.97355420969308,38.477,72.01509423659697
BRB,Barbados,2026,68.85609778800143,38.477,72.0500288448944
BRB,Barbados,2027,68.78049142376686,38.477,72.03258025893122
BRB,Barbados,2028,68.73182382236676,38.477,72.04129520284935
BRN,Brunei Darussalam,2024,68.77615090760226,75.457,75.05281656762428
BRN,Brunei Darussalam,2025,68.76618829181012,75.457,74.70974903362553
BRN,Brunei Darussalam,2026,68.76108503499012,75.457,74.85820119480661
BRN,Brunei Darussalam,2027,68.75847093938367,75.457,74.7939629851968
BRN,Brunei Darussalam,2028,68.75713189334294,75.457,74.82176013911523
BTN,Bhutan,2024,72.10205996546533,56.289,88.07266299139226
BTN,Bhutan,2025,72.10268313512323,56.289,88.08120166015327
BTN,Bhutan,2026,72.10245995540191,56.289,88.07832409613856
BTN,Bhutan,2027,72.10253988417793,56.289,88.07929384621208
BTN,Bhutan,2028,72.10251125877595,56.289,88.07896703673008
BWA,Botswana,2024,63.96195110445387,62.142,19.92254126094451
BWA,Botswana,2025,63.95170450318905,62.142,19.86392201343534
BWA,Botswana,2026,63.947673897081614,62.142,19.836312733407123
BWA,Botswana,2027,63.946088416669774,62.142,19.823308944104692
BWA,Botswana,2028,63.94546475162553,62.142,19.817184244871346
CAF,Central African Republic,2024,53.38120854881481,38.254,77.20149304041749
CAF,Central African Republic,2025,53.38134877688528,38.254,77.15372668391656
CAF,Central African Republic,2026,53.381331294452245,38.254,77.1749524749493
CAF,Central African Republic,2027,53.381333474012045,38.254,77.1655204345349
CAF,Central African Republic,2028,53.38133320228322,38.254,77.16971172174024
CAN,Canada,2024,84.3792527005183,69.792,76.22918285579598
CAN,Canada,2025,84.24239538559735,69.792,75.16003322879533
CAN,Canada,2026,84.15309781326316,69.792,74.83874608036
CAN,Canada,2027,84.09483233852849,69.792,74.74219698270068
CAN,Canada,2028,84.05681489351497,69.792,74.71318328481632
CHE,Switzerland,2024,81.56036446735891,75.817,84.80317218510638
CHE,Switzerland,2025,81.57337804328425,75.817,85.19300833699306
CHE,Switzerland,2026,81.56802478559499,75.817,84.95323939384038
CHE,Switzerland,2027,81.57022689883827,75.817,85.10070941636735
CHE,Switzerland,2028,81.56932103870268,75.817,85.0100078965702
CHL,Chile,2024,83.9878376132146,73.33,68.22531145208417
CHL,Chile,2025,84.03826521589069,73.33,68.10943145124197
CHL,Chile,2026,84.00698872129533,73.33,68.0237316679853
CHL,Chile,2027,84.02638720669344,73.33,67.96035185441211
CHL,Chile,2028,84.01435576772917,73.33,67.91347891476252
CHN,China,2024,78.89253506567452,90.477,84.03009763524173
CHN,China,2025,78.89222440555838,90.477,83.76154180160412
CHN,China,2026,78.89220409048086,90.477,83.95908412677706
CHN,China,2027,78.89220276201173,90.477,83.81377739593394
CHN,China,2028,78.8922026751388,90.477,83.92066105243556
CIV,Cote d'Ivoire,2024,76.43450446889341,67.944,91.65005991542603
CIV,Cote d'Ivoire,2025,76.434549516351,67.944,91.6551336238527
CIV,Cote d'Ivoire,2026,76.43454376233997,67.944,91.656736528757
CIV,Cote d'Ivoire,2027,76.43454449731247,67.944,91.65724292445736
CIV,Cote d'Ivoire,2028,76.43454440343281,67.944,91.6574029068772
CMR,Cameroon,2024,68.52037878664643,51.482,86.07212557455888
CMR,Cameroon,2025,68.7674687522828,51.482,86.03171602606534
CMR,Cameroon,2026,68.5631153625567,51.482,86.00532496711311
CMR,Cameroon,2027,68.73212387645971,51.482,85.98808923896011
CMR,Cameroon,2028,68.5923470036122,51.482,85.97683276283684
COD,"Congo, Dem. Rep.",2024,60.48061450888254,47.467,82.48861108373612
COD,"Congo, Dem. Rep.",2025,60.4806120485806,47.467,82.5064704513857
COD,"Congo, Dem. Rep.",2026,60.48061218909227,47.467,82.51802222587926
COD,"Congo, Dem. Rep.",2027,60.48061218106743,47.467,82.52549413062799
COD,"Congo, Dem. Rep.",2028,60.48061218152574,47.467,82.53032709898322
COG,"Congo, Rep.",2024,54.13693784389579,26.492,16.971518578351738
COG,"Congo, Rep.",2025,54.13462669642322,26.492,16.94230859071831
COG,"Congo, Rep.",2026,54.134517188595844,26.492,16.9310048373057
COG,"Congo, Rep.",2027,54.134511999846794,26.492,16.926630482793247
COG,"Congo, Rep.",2028,54.134511753991156,26.492,16.92493768424199
COL,Colombia,2024,71.06368235078912,70.157,60.021166569264444
COL,Colombia,2025,71.02393629971277,70.157,60.11884441179756
COL,Colombia,2026,71.01082205516481,70.157,60.08882566612992
COL,Colombia,2027,71.00649499862946,70.157,60.09805114724303
COL,Colombia,2028,71.00506728251577,70.157,60.095215935448685
COM,Comoros,2024,43.425090506326,48.518,66.87730166260853
COM,Comoros,2025,43.385070608522724,48.518,66.75727084766518
COM,Comoros,2026,43.350436213541236,48.518,66.65339507808548
COM,Comoros,2027,43.32046259087907,48.518,66.56350003312667
COM,Comoros,2028,43.29452253747337,48.518,66.48570403564965
CPV,Cabo Verde,2024,58.617349772367874,45.848,48.66305267176016
CPV,Cabo Verde,2025,58.612773434100845,45.848,48.64932803839052
CPV,Cabo Verde,2026,58.61231129143379,45.848,48.64794246087627
CPV,Cabo Verde,2027,58.612264621840716,45.848,48.64780257917624
CPV,Cabo Verde,2028,58.61225990890016,45.848,48.64778845734632
CRI,Costa Rica,2024,74.45495948239883,65.442,57.62548585075667
CRI,Costa Rica,2025,74.44997545949018,65.442,57.83696668004924
CRI,Costa Rica,2026,74.4526623137256,65.442,57.670405099274795
CRI,Costa Rica,2027,74.45121384813571,65.442,57.801588432926756
CRI,Costa Rica,2028,74.45199470648575,65.442,57.69826888619799
CUB,Cuba,2024,93.38203870813913,,96.51945419121427
CUB,Cuba,2025,93.38149921216798,,96.50779307824307
CUB,Cuba,2026,93.38109001881304,,96.49904592602982
CUB,Cuba,2027,93.3807796565292,,96.4924845736074
CUB,Cuba,2028,93.38054425498598,,96.48756281798205
CYP,Cyprus,2024,74.75724292537923,73.939,74.47143637266757
CYP,Cyprus,2025,74.74988171367683,73.939,74.23087222817252
CYP,Cyprus,2026,74.74717812539043,73.939,74.1170789788987
CYP,Cyprus,2027,74.74618516527492,73.939,74.06325174039867
CYP,Cyprus,2028,74.74582047594853,73.939,74.03779002256366
CZE,Czechia,2024,88.03853994505786,77.162,91.9605422610096
CZE,Czechia,2025,88.03773047484552,77.162,92.06001067898985
CZE,Czechia,2026,88.03749183751185,77.162,92.04874779662643
CZE,Czechia,2027,88.0374214856,77.162,92.05002310110707
CZE,Czechia,2028,88.03740074537707,77.162,92.04987869743971
DEU,Germany,2024,86.95714982039016,70.401,89.1864354107671
DEU,Germany,2025,86.95365712089263,70.401,89.19903516345867
DEU,Germany,2026,86.95245358077433,70.401,89.20260784941225
DEU,Germany,2027,86.95203885605571,70.401,89.20362089190881
DEU,Germany,2028,86.95189594715751,70.401,89.20390814220542
DJI,Djibouti,2024,53.566494675339584,66.497,0.0
DJI,Djibouti,2025,53.56649433716935,66.497,0.0
DJI,Djibouti,2026,53.5664943156921,66.497,0.0
DJI,Djibouti,2027,53.566494314328075,66.497,0.0
DJI,Djibouti,2028,53.566494314241446,66.497,0.0
DNK,Denmark,2024,87.52349826686203,81.893,85.29003166173423
DNK,Denmark,2025,87.51768858134264,81.893,85.27242218075779
DNK,Denmark,2026,87.51682158460453,81.893,85.27133401137677
DNK,Denmark,2027,87.51669220008941,81.893,85.27126676847487
DNK,Denmark,2028,87.51667289165142,81.893,85.2712626132322
DOM,Dominican Republic,2024,74.40584290586166,75.807,72.91762878537052
DOM,Dominican Republic,2025,74.40330572491862,75.807,71.84300843752077
DOM,Dominican Republic,2026,74.40380695783328,75.807,72.91762034791601
DOM,Dominican Republic,2027,74.40370793673846,75.807,71.84301687490903
DOM,Dominican Republic,2028,74.40372749885606,75.807,72.91761191059399
DZA,Algeria,2024,67.39840091533654,51.35,56.17269420967937
DZA,Algeria,2025,67.35176596311021,51.35,56.16064877869014
DZA,Algeria,2026,67.31536241479247,51.35,56.151750564935185
DZA,Algeria,2027,67.2869455671952,51.35,56.145177266885526
DZA,Algeria,2028,67.26476319034781,51.35,56.140321433069936
ECU,Ecuador,2024,75.97646880366727,47.198,86.30648066572533
ECU,Ecuador,2025,76.09063085082946,47.198,86.0113660770463
ECU,Ecuador,2026,76.20477185536588,47.198,85.86871273985975
ECU,Ecuador,2027,76.31889182115516,47.198,85.79975656015495
ECU,Ecuador,2028,76.43299075207523,47.198,85.76642432402743
EGY,"Egypt, Arab Rep.",2024,64.89105671070534,73.325,74.7533648729557
EGY,"Egypt, Arab Rep.",2025,64.88061003200625,73.325,74.83336706307638
EGY,"Egypt, Arab Rep.",2026,64.8769124499709,73.325,74.8745626712106
EGY,"Egypt, Arab Rep.",2027,64.87560369784958,73.325,74.89577556709492
EGY,"Egypt, Arab Rep.",2028,64.87514046752807,73.325,74.90669874488448
ESP,Spain,2024,79.34562699944871,58.492,46.97627710339091
ESP,Spain,2025,79.33987182670982,58.492,46.89391777397296
ESP,Spain,2026,79.3382111117965,58.492,46.870010436132965
ESP,Spain,2027,79.3377318952467,58.492,46.86307059329263
ESP,Spain,2028,79.33759361233027,58.492,46.86105608967158
EST,Estonia,2024,82.26967415183361,85.193,79.22802489354585
EST,Estonia,2025,82.25059315020356,85.193,79.11243667486596
EST,Estonia,2026,82.25378000975088,85.193,79.13020289033602
EST,Estonia,2027,82.25324774871075,85.193,79.12747217594546
EST,Estonia,2028,82.2533366455732,85.193,79.12789189398251
ETH,Ethiopia,2024,66.0711433263827,68.756,85.8055407949616
ETH,Ethiopia,2025,66.07890528581768,68.756,85.57573114338753
ETH,Ethiopia,2026,66.0746017128618,68.756,85.37678352750449
ETH,Ethiopia,2027,66.07698780368612,68.756,85.20455336399984
ETH,Ethiopia,2028,66.07566484960117,68.756,85.05545266184176
FIN,Finland,2024,86.75179676820039,78.939,73.32675101378766
FIN,Finland,2025,86.77626793596632,78.939,73.6910082517755
FIN,Finland,2026,86.76017153727027,78.939,73.4319870745788
FIN,Finland,2027,86.7707592645688,78.939,73.6161755085739
FIN,Finland,2028,86.76379497575707,78.939,73.48520019765634
FJI,Fiji,2024,53.01421231165006,20.99,85.03874691129519
FJI,Fiji,2025,53.183924317666175,20.99,85.37803623518192
FJI,Fiji,2026,53.06792112323706,20.99,85.14606338116107
FJI,Fiji,2027,53.147212750468675,20.99,85.30466372963694
FJI,Fiji,2028,53.09301456928946,20.99,85.19622832393897
FRA,France,2024,85.33638755344596,75.67,72.00235209660794
FRA,France,2025,85.35357091055846,75.67,72.0332250099811
FRA,France,2026,85.36328764416062,75.67,72.04876053089797
FRA,France,2027,85.36878219980986,75.67,72.05657814134636
FRA,France,2028,85.37188922558813,75.67,72.06051203152295
GAB,Gabon,2024,66.62257142928138,57.766,17.721259024626757
GAB,Gabon,2025,66.62257142928134,57.766,17.792856077787647
GAB,Gabon,2026,66.62257142928134,57.766,17.83733101619636
GAB,Gabon,2027,66.62257142928134,57.766,17.86495813294394
GAB,Gabon,2028,66.62257142928134,57.766,17.882119653726058
GBR,United Kingdom,2024,83.99215916767795,71.376,86.25322711082968
GBR,United Kingdom,2025,83.99160257434991,71.376,86.31563784040063
GBR,United Kingdom,2026,83.99176793497506,71.376,86.34444196955549
GBR,United Kingdom,2027,83.99171880729966,71.376,86.35773580319714
GBR,United Kingdom,2028,83.99173340284493,71.376,86.3638712434301
GEO,Georgia,2024,74.30586837450704,77.751,55.48027588439906
GEO,Georgia,2025,74.28319468761372,77.751,55.56195002882032
GEO,Georgia,2026,74.28798602701018,77.751,55.54681433365254
GEO,Georgia,2027,74.28697353471811,77.751,55.54961925153488
GEO,Georgia,2028,74.2871874917261,77.751,55.549099449554234
GHA,Ghana,2024,76.75925400231839,65.66,87.26264062957459
GHA,Ghana,2025,76.60639713066153,65.66,87.1628642855761
GHA,Ghana,2026,76.67711579018138,65.66,87.1764711280877
GHA,Ghana,2027,76.64439806705859,65.66,87.17461551626914
GHA,Ghana,2028,76.65953479919699,65.66,87.1748685724222
GIN,Guinea,2024,67.89847402989783,61.396,79.50810582529944
GIN,Guinea,2025,68.02053311979397,61.396,79.50968650411401
GIN,Guinea,2026,68.13155933606686,61.396,79.51029504084723
GIN,Guinea,2027,68.23254993586868,61.396,79.51052931801489
GIN,Guinea,2028,68.32441203466581,61.396,79.51061951107685
GMB,"Gambia, The",2024,65.48551827724164,53.721,83.6774497791983
GMB,"Gambia, The",2025,65.41161531408346,53.721,83.77940294037548
GMB,"Gambia, The",2026,65.39022551111906,53.721,83.80940569314984
GMB,"Gambia, The",2027,65.38403464066806,53.721,83.81823489632163
GMB,"Gambia, The",2028,65.38224281130879,53.721,83.82083315219619
GRC,Greece,2024,73.63277107457766,66.964,52.82228662086375
GRC,Greece,2025,73.57698069652045,66.964,51.13788501448172
GRC,Greece,2026,73.55757225584263,66.964,50.165476692310506
GRC,Greece,2027,73.55082041829175,66.964,49.604103477368696
GRC,Greece,2028,73.54847157888366,66.964,49.28002162896323
GTM,Guatemala,2024,71.02166492244295,68.411,90.80325839243194
GTM,Guatemala,2025,71.02157728488157,68.411,90.75308507058857
GTM,Guatemala,2026,71.02159753828387,68.411,90.72111515909516
GTM,Guatemala,2027,71.02159285763896,68.411,90.7007442686828
GTM,Guatemala,2028,71.02159393935533,68.411,90.68776415216674
GUY,Guyana,2024,74.55913753359839,100.0,55.28380889615271
GUY,Guyana,2025,74.38178545135104,100.0,55.330365888471945
GUY,Guyana,2026,74.48926913839111,100.0,55.303993769929285
GUY,Guyana,2027,74.42412897858392,100.0,55.31893220563534
GUY,Guyana,2028,74.46360697321322,100.0,55.31047035752925
HND,Honduras,2024,67.0154165266838,56.35,72.41375641102564
HND,Honduras,2025,67.13485864346866,56.35,72.4435736896096
HND,Honduras,2026,67.0438310608279,56.35,72.45382157897757
HND,Honduras,2027,67.11320374966216,56.35,72.45734367225656
HND,Honduras,2028,67.06033439054617,56.35,72.45855417918344
HRV,Croatia,2024,82.79405116951975,87.32,74.33117756475447
HRV,Croatia,2025,82.82532576805701,87.32,73.63337984196299
HRV,Croatia,2026,82.84503655554362,87.32,73.39948781846986
HRV,Croatia,2027,82.85745926155786,87.32,73.32109048803022
HRV,Croatia,2028,82.86528866080543,87.32,73.29481280088095
HTI,Haiti,2024,57.694847819059156,33.437,40.236828255033856
HTI,Haiti,2025,57.683061368929096,33.437,39.929691190790415
HTI,Haiti,2026,57.67706105271598,33.437,39.671365683594274
HTI,Haiti,2027,57.67400637601009,33.437,39.45409438866762
HTI,Haiti,2028,57.67245128300397,33.437,39.271352792177645
HUN,Hungary,2024,84.8098654366335,81.599,88.2090288519891
HUN,Hungary,2025,84.82457007791164,81.599,88.21756520037057
HUN,Hungary,2026,84.82591901465395,81.599,88.22211133029549
HUN,Hungary,2027,84.82604275995996,81.599,88.224532423762
HUN,Hungary,2028,84.8260541117901,81.599,88.22582180476746
IDN,Indonesia,2024,77.5787319684932,68.386,89.34161450349858
IDN,Indonesia,2025,77.76969796596927,68.386,88.97213047589506
IDN,Indonesia,2026,77.93862925104118,68.386,89.28769651806444
IDN,Indonesia,2027,78.08806831062884,68.386,89.01818032918791
IDN,Indonesia,2028,78.2202642654571,68.386,89.24836661782393
IND,India,2024,73.68736394597514,61.284,70.71990110121565
IND,India,2025,73.68117800144839,61.284,71.13126398900248
IND,India,2026,73.67932367844449,61.284,71.05953345429047
IND,India,2027,73.67876781930481,61.284,71.07204131477772
IND,India,2028,73.67860119278801,61.284,71.0698602830233
IRL,Ireland,2024,87.0264776474125,100.0,84.72108401625677
IRL,Ireland,2025,87.01751340851587,100.0,84.51359231561482
IRL,Ireland,2026,87.01247560718774,100.0,84.40830710411198
IRL,Ireland,2027,87.00964441956386,100.0,84.35488339739553
IRL,Ireland,2028,87.00805332399666,100.0,84.32777519864105
IRN,"Iran, Islamic Rep.",2024,62.117939256013635,67.787,57.420604164432675
IRN,"Iran, Islamic Rep.",2025,62.26219786681166,67.787,57.01016935825776
IRN,"Iran, Islamic Rep.",2026,62.20014101026228,67.787,56.81323511668747
IRN,"Iran, Islamic Rep.",2027,62.226836494320295,67.787,56.7187424106124
IRN,"Iran, Islamic Rep.",2028,62.215352688843865,67.787,56.67340305555563
IRQ,Iraq,2024,57.84869415425964,41.924,39.86814753954841
IRQ,Iraq,2025,57.84341173085894,41.924,39.80424932364762
IRQ,Iraq,2026,57.84207698471516,41.924,39.792270586601404
IRQ,Iraq,2027,57.84173972525427,41.924,39.79002498178757
IRQ,Iraq,2028,57.8416545075936,41.924,39.78960400744274
ISL,Iceland,2024,77.29966504365576,63.746,85.0029297227952
ISL,Iceland,2025,77.50325422713028,63.746,85.91805752867161
ISL,Iceland,2026,77.39062278025442,63.746,85.54569971060957
ISL,Iceland,2027,77.45293376656936,63.746,85.69720897934951
ISL,Iceland,2028,77.41846151993454,63.746,85.63556113042402
ISR,Israel,2024,84.5349852447898,73.386,89.30906354847892
ISR,Israel,2025,84.78062291324619,73.386,89.65192212828563
ISR,Israel,2026,85.0262463361954,73.386,89.93513660514797
ISR,Israel,2027,85.27185551446357,73.386,90.1690827410435
ISR,Israel,2028,85.5174504488768,73.386,90.3623313175527
ITA,Italy,2024,79.78984419326449,72.152,68.61689180421908
ITA,Italy,2025,79.82449755427355,72.152,68.78587894705352
ITA,Italy,2026,79.80805039684579,72.152,68.88718254657623
ITA,Italy,2027,79.81585653684424,72.152,68.9479115411265
ITA,Italy,2028,79.81215159135787,72.152,68.98431706666027
JAM,Jamaica,2024,76.91635986195101,50.797,79.13834498465282
JAM,Jamaica,2025,76.87400153218321,50.797,78.71761294550781
JAM,Jamaica,2026,76.90874271197725,50.797,78.99318985977108
JAM,Jamaica,2027,76.88024891677573,50.797,78.81268866516466
JAM,Jamaica,2028,76.90361877265858,50.797,78.93091584446756
JOR,Jordan,2024,64.47697351772568,53.538,32.71655587708225
JOR,Jordan,2025,64.35928067139962,53.538,32.50718943376226
JOR,Jordan,2026,64.27613673587705,53.538,32.67350827314365
JOR,Jordan,2027,64.21739982679568,53.538,32.54138606724223
JOR,Jordan,2028,64.17590522509384,53.538,32.64634277182955
JPN,Japan,2024,88.25092915235595,59.284,91.75544222928936
JPN,Japan,2025,88.22264759354928,59.284,91.75239676710399
JPN,Japan,2026,88.23724698573554,59.284,91.75273474401631
JPN,Japan,2027,88.22971054640188,59.284,91.75269723627977
JPN,Japan,2028,88.23360097670921,59.284,91.75270139878393
KAZ,Kazakhstan,2024,77.23024029864513,71.431,82.29584719083829
KAZ,Kazakhstan,2025,77.67304671226815,71.431,82.27407333691939
KAZ,Kazakhstan,2026,78.11584781093286,71.431,82.25359630922179
KAZ,Kazakhstan,2027,78.55864359470306,71.431,82.23433887023603
KAZ,Kazakhstan,2028,79.00143406364253,71.431,82.21622838263173
KEN,Kenya,2024,75.7213865528499,64.934,80.27224750419802
KEN,Kenya,2025,75.71301245699614,64.934,80.18722771809296
KEN,Kenya,2026,75.70674278765358,64.934,80.13587257878856
KEN,Kenya,2027,75.70204869836306,64.934,80.10485214867698
KEN,Kenya,2028,75.69853424280512,64.934,80.08611464553044
KGZ,Kyrgyz Republic,2024,69.61284440090427,44.431,83.1208550976354
KGZ,Kyrgyz Republic,2025,69.6163910325978,44.431,83.04142127743421
KGZ,Kyrgyz Republic,2026,69.61470065847037,44.431,82.9777797624267
KGZ,Kyrgyz Republic,2027,69.61550631435392,44.431,82.92679087101759
KGZ,Kyrgyz Republic,2028,69.61512232752392,44.431,82.88593912437352
KHM,Cambodia,2024,62.18390037567814,59.472,99.99998018492992
KHM,Cambodia,2025,62.179300756387654,59.472,99.9999798308821
KHM,Cambodia,2026,62.178443213076314,59.472,99.9999798245561
KHM,Cambodia,2027,62.178283334511505,59.472,99.99997982444307
KHM,Cambodia,2028,62.17825352708937,59.472,99.99997982444106
KOR,"Korea, Rep.",2024,85.56353466911897,74.041,90.20896010014148
KOR,"Korea, Rep.",2025,85.5848239112029,74.041,90.32471442971668
KOR,"Korea, Rep.",2026,85.59551540651599,74.041,90.28927090954745
KOR,"Korea, Rep.",2027,85.600884694515,74.041,90.30012357593665
KOR,"Korea, Rep.",2028,85.60358116051646,74.041,90.29680053219853
KWT,Kuwait,2024,76.75115869626167,53.858,92.04763513254105
KWT,Kuwait,2025,76.9613165623506,53.858,92.00990649564467
KWT,Kuwait,2026,76.75497167513646,53.858,91.99262424793183
KWT,Kuwait,2027,76.95757276388848,53.858,91.98470781864687
KWT,Kuwait,2028,76.75864754835405,53.858,91.98108156275325
LAO,Lao PDR,2024,72.82578717782678,65.147,90.76449869616631
LAO,Lao PDR,2025,72.82480220272313,65.147,91.00863591615008
LAO,Lao PDR,2026,72.8246323784357,65.147,91.18629080084108
LAO,Lao PDR,2027,72.82460309821481,65.147,91.31556751684803
LAO,Lao PDR,2028,72.82459804987133,65.147,91.40964018662355
LBN,Lebanon,2024,54.125865852127255,11.497,51.791647727192
LBN,Lebanon,2025,54.11925735719039,11.497,51.80248565858951
LBN,Lebanon,2026,54.11721849187252,11.497,51.804950849772794
LBN,Lebanon,2027,54.116589457300485,11.497,51.80551158109201
LBN,Lebanon,2028,54.11639538636831,11.497,51.80563912479511
LBR,Liberia,2024,66.44318915750398,34.68,87.79083682604046
LBR,Liberia,2025,66.4442974790849,34.68,87.79008884670743
LBR,Liberia,2026,66.4438816021547,34.68,87.79023466334773
LBR,Liberia,2027,66.44403765218932,34.68,87.79020623677009
LBR,Liberia,2028,66.44397909733442,34.68,87.79021177845803
LKA,Sri Lanka,2024,79.72070711253112,58.249,72.95320706919684
LKA,Sri Lanka,2025,79.72339917466077,58.249,72.32024070691642
LKA,Sri Lanka,2026,79.72432238789256,58.249,71.8356617986121
LKA,Sri Lanka,2027,79.72463899376207,58.249,71.4646836039298
LKA,Sri Lanka,2028,79.72474757027848,58.249,71.18067450124036
LSO,Lesotho,2024,46.53024189797366,32.69,31.789811243831437
LSO,Lesotho,2025,46.53024187152764,32.69,31.89897435054344
LSO,Lesotho,2026,46.53024187144132,32.69,31.958913535256354
LSO,Lesotho,2027,46.530241871441035,32.69,31.991824891228724
LSO,Lesotho,2028,46.530241871441035,32.69,32.00989583025014
LTU,Lithuania,2024,81.12684058128485,87.954,79.82867957659568
LTU,Lithuania,2025,81.1294080604717,87.954,79.81232954998008
LTU,Lithuania,2026,81.1296412457311,87.954,79.81164641832034
LTU,Lithuania,2027,81.12966242423391,87.954,79.8116178759286
LTU,Lithuania,2028,81.12966434772163,87.954,79.81161668337938
LUX,Luxembourg,2024,85.56448626162395,89.614,82.29405897573264
LUX,Luxembourg,2025,85.50935655096464,89.614,82.39916677679656
LUX,Luxembourg,2026,85.48377322512495,89.614,82.33453834782908
LUX,Luxembourg,2027,85.47190110475297,89.614,82.37427691897724
LUX,Luxembourg,2028,85.46639176468476,89.614,82.34984256304246
LVA,Latvia,2024,84.46185491061665,74.716,80.72140772197068
LVA,Latvia,2025,84.46211791843469,74.716,79.09067678509665
LVA,Latvia,2026,84.46210927420455,74.716,79.8649830421744
LVA,Latvia,2027,84.46210955831289,74.716,79.49732571367663
LVA,Latvia,2028,84.46210954897515,74.716,79.67189735114248
MAR,Morocco,2024,69.12363368631887,58.553,60.708413063024075
MAR,Morocco,2025,69.12361484758232,58.553,60.7342169064947
MAR,Morocco,2026,69.12362054817626,58.553,60.722238582556024
MAR,Morocco,2027,69.12361882317887,58.553,60.727799003992594
MAR,Morocco,2028,69.12361934516238,58.553,60.72521781761706
MDA,Moldova,2024,76.90283472336192,84.137,92.01019499614388
MDA,Moldova,2025,76.52729143154708,84.137,91.63035169796805
MDA,Moldova,2026,76.66305197252198,84.137,91.46409207682278
MDA,Moldova,2027,76.61397394373672,84.137,91.39131927352173
MDA,Moldova,2028,76.63171586559524,84.137,91.3594661942003
MDG,Madagascar,2024,64.72362577186323,35.68,93.72300266399333
MDG,Madagascar,2025,64.72896493070616,35.68,93.72107898164826
MDG,Madagascar,2026,64.73176046398405,35.68,93.72115298878046
MDG,Madagascar,2027,64.7332241788758,35.68,93.72115014160788
MDG,Madagascar,2028,64.73399056620565,35.68,93.72115025114316
MDV,Maldives,2024,72.40249416190619,56.548,82.88745207632569
MDV,Maldives,2025,72.41590737707664,56.548,82.92766650999276
MDV,Maldives,2026,72.42704011716408,56.548,82.96104383451221
MDV,Maldives,2027,72.43628010178222,56.548,82.98874646987193
MDV,Maldives,2028,72.44394913160531,56.548,83.01173920571648
MEX,Mexico,2024,68.59998218747052,46.437,88.6180449725051
MEX,Mexico,2025,68.66700882507189,46.437,88.6316997323701
MEX,Mexico,2026,68.69504045348313,46.437,88.6223560986909
MEX,Mexico,2027,68.70676373574085,46.437,88.6287497292779
MEX,Mexico,2028,68.71166660277653,46.437,88.62437471699825
MKD,North Macedonia,2024,69.97763905511039,67.284,38.67739538589182
MKD,North Macedonia,2025,69.97875398584877,67.284,38.66016256419937
MKD,North Macedonia,2026,69.97922501449327,67.284,38.64758154329714
MKD,North Macedonia,2027,69.97942401159354,67.284,38.63839662339447
MKD,North Macedonia,2028,69.97950808258662,67.284,38.63169106632767
MLI,Mali,2024,72.273477193224,43.701,90.6863727192831
MLI,Mali,2025,72.29490901225259,43.701,90.67975279567177
MLI,Mali,2026,72.31019499934925,43.701,90.6822753362082
MLI,Mali,2027,72.32109754575502,43.701,90.68131411503232
MLI,Mali,2028,72.32887365582094,43.701,90.68168039106858
MLT,Malta,2024,87.39649917780861,71.878,90.78859764566342
MLT,Malta,2025,87.50368688384569,71.878,90.79428749426957
MLT,Malta,2026,87.60244865337957,71.878,90.79203964114748
MLT,Malta,2027,87.69344684227717,71.878,90.7929276865083
MLT,Malta,2028,87.77729173916111,71.878,90.79257685194749
MMR,Myanmar,2024,66.38125252469328,33.766,96.4248736052537
MMR,Myanmar,2025,66.37556757642967,33.766,96.49871556686755
MMR,Myanmar,2026,66.37474261728674,33.766,96.51799143847137
MMR,Myanmar,2027,66.37462290510011,33.766,96.52302325531326
MMR,Myanmar,2028,66.37460553332146,33.766,96.52433677208961
MNE,Montenegro,2024,62.52498816203292,68.756,39.63669840227846
MNE,Montenegro,2025,61.92286061539451,68.756,39.34059753029429
MNE,Montenegro,2026,62.301317883229025,68.756,39.42046985789156
MNE,Montenegro,2027,62.063444853874365,68.756,39.39892453560643
MNE,Montenegro,2028,62.212955995298934,68.756,39.404736322070335
MNG,Mongolia,2024,71.02306025309386,56.325,67.00621500895522
MNG,Mongolia,2025,71.05074834754191,56.325,66.90506519132727
MNG,Mongolia,2026,71.05589143940496,56.325,66.94292868990097
MNG,Mongolia,2027,71.05684677397886,56.325,66.92875521378544
MNG,Mongolia,2028,71.05702422835307,56.325,66.93406078333831
MOZ,Mozambique,2024,66.7794838596844,35.888,86.80672471842007
MOZ,Mozambique,2025,66.72020136042465,35.888,86.77798230050557
MOZ,Mozambique,2026,66.68238947520224,35.888,86.7875081496824
MOZ,Mozambique,2027,66.6582720934804,35.888,86.78435108047516
MOZ,Mozambique,2028,66.64288941425941,35.888,86.78539740041938
MRT,Mauritania,2024,50.513798695586104,53.807,57.88864878990015
MRT,Mauritania,2025,50.51573925276324,53.807,57.89070542980848
MRT,Mauritania,2026,50.51577263756559,53.807,57.89038862199249
MRT,Mauritania,2027,50.51577321190838,53.807,57.89043742353129
MRT,Mauritania,2028,50.51577322178922,53.807,57.890429906070956
MUS,Mauritius,2024,74.49006021128481,50.878,73.71607266026031
MUS,Mauritius,2025,74.42027481193887,50.878,73.60468587525999
MUS,Mauritius,2026,74.38336402096901,50.878,73.55767666475174
MUS,Mauritius,2027,74.3638412195981,50.878,73.53783709516004
MUS,Mauritius,2028,74.3535152481585,50.878,73.52946408660857
MWI,Malawi,2024,67.28586025038219,47.406,79.83777247129315
MWI,Malawi,2025,67.28417814115521,47.406,79.85924723024814
MWI,Malawi,2026,67.28486061064133,47.406,79.87114137206562
MWI,Malawi,2027,67.28458371744557,47.406,79.87772913446477
MWI,Malawi,2028,67.28469605923289,47.406,79.88137787298609
MYS,Malaysia,2024,77.98660876957987,64.731,87.65479925871692
MYS,Malaysia,2025,77.98674773495887,64.731,87.91488800920008
MYS,Malaysia,2026,77.98678918372359,64.731,88.05529121012664
MYS,Malaysia,2027,77.98680154651574,64.731,88.13108479517713
MYS,Malaysia,2028,77.9868052339267,64.731,88.17200029779313
NAM,Namibia,2024,63.40731362167983,40.893,20.54759330656417
NAM,Namibia,2025,63.68496760246944,40.893,20.7287147296413
NAM,Namibia,2026,63.56276062732415,40.893,20.63401399054152
NAM,Namibia,2027,63.61654896031218,40.893,20.683529005572215
NAM,Namibia,2028,63.59287449523201,40.893,20.65763969639896
NER,Niger,2024,67.54104274953733,43.32,99.94518069928189
NER,Niger,2025,67.50912136014358,43.32,99.91120445604365
NER,Niger,2026,67.4827718770706,43.32,99.93375954264428
NER,Niger,2027,67.46102171921723,43.32,99.91878637660014
NER,Niger,2028,67.44306807036057,43.32,99.92872629416087
NGA,Nigeria,2024,66.53844471686703,49.584,79.05582783177609
NGA,Nigeria,2025,66.55670838006677,49.584,79.03194565349901
NGA,Nigeria,2026,66.54529362650956,49.584,79.01364861252446
NGA,Nigeria,2027,66.55242782501875,49.584,78.99963055669473
NGA,Nigeria,2028,66.5479689649905,49.584,78.98889079338987
NIC,Nicaragua,2024,67.6162732809974,56.178,79.94734865289531
NIC,Nicaragua,2025,67.61627530364409,56.178,79.13257670859679
NIC,Nicaragua,2026,67.61627497448657,56.178,79.65515239654118
NIC,Nicaragua,2027,67.61627502805236,56.178,79.3199845602632
NIC,Nicaragua,2028,67.61627501933528,56.178,79.53495337926273
NLD,Netherlands,2024,86.14434417358791,78.355,86.31345652295889
NLD,Netherlands,2025,86.19864575843043,78.355,86.16781407287155
NLD,Netherlands,2026,86.1737051296288,78.355,86.13691767085655
NLD,Netherlands,2027,86.18516031950631,78.355,86.13036334787654
NLD,Netherlands,2028,86.17989896959514,78.355,86.12897292223069
NOR,Norway,2024,85.82173379514386,87.807,88.28663339879616
NOR,Norway,2025,85.87824726080616,87.807,88.78077235982448
NOR,Norway,2026,85.8493952051846,87.807,88.65105622873185
NOR,Norway,2027,85.8641251656256,87.807,88.68510793481595
NOR,Norway,2028,85.85660501741019,87.807,88.67616904126838
NPL,Nepal,2024,67.74628405620231,58.142,58.572734114052906
NPL,Nepal,2025,67.74133472649483,58.142,58.59232596266937
NPL,Nepal,2026,67.74091753377051,58.142,58.60152324745476
NPL,Nepal,2027,67.74088236743901,58.142,58.605840861840186
NPL,Nepal,2028,67.74087940317142,58.142,58.60786774199191
NZL,New Zealand,2024,87.7674759548318,76.457,89.49086982078668
NZL,New Zealand,2025,87.77632427289032,76.457,89.3106556541538
NZL,New Zealand,2026,87.78084122345366,76.457,89.37324774287066
NZL,New Zealand,2027,87.78314706759903,76.457,89.35150822237047
NZL,New Zealand,2028,87.78432417085668,76.457,89.35905880521995
OMN,Oman,2024,80.98438661584868,70.264,92.14807592326233
OMN,Oman,2025,80.9354759431937,70.264,92.09147535016987
OMN,Oman,2026,80.96630927537856,70.264,92.11148850898292
OMN,Oman,2027,80.94687191494133,70.264,92.10441214025036
OMN,Oman,2028,80.9591252445037,70.264,92.10691424373671
PAK,Pakistan,2024,59.39976909151767,59.36,75.51207722897922
PAK,Pakistan,2025,59.40256833043378,59.36,75.52978889673663
PAK,Pakistan,2026,59.4029785265182,59.36,75.52310337565754
PAK,Pakistan,2027,59.40303863600964,59.36,75.52562692074156
PAK,Pakistan,2028,59.403047444360325,59.36,75.52467437273285
PAN,Panama,2024,71.17562168809769,57.234,68.37059712722483
PAN,Panama,2025,71.17576208633159,57.234,70.47653420230787
PAN,Panama,2026,71.17575197644778,57.234,72.021498809897
PAN,Panama,2027,71.17575270444662,57.234,73.15492091777688
PAN,Panama,2028,71.17575265202443,57.234,73.98642583919738
PER,Peru,2024,74.73451336686124,59.807,86.53743599185115
PER,Peru,2025,74.83015011300198,59.807,86.04917169102472
PER,Peru,2026,74.92576738238955,59.807,85.85026531152337
PER,Peru,2027,75.02136517899046,59.807,85.76923594333206
PER,Peru,2028,75.11694350677041,59.807,85.7362266525997
PHL,Philippines,2024,69.01688912956817,53.447,93.08944447319398
PHL,Philippines,2025,69.13700981711818,53.447,93.16362420971083
PHL,Philippines,2026,69.05132530060078,53.447,93.11246334914776
PHL,Philippines,2027,69.11244579966358,53.447,93.14774837139854
PHL,Philippines,2028,69.06884731119074,53.447,93.12341272142051
PNG,Papua New Guinea,2024,76.95444440592088,44.695,91.48300081977634
PNG,Papua New Guinea,2025,76.97040689236664,44.695,91.477545683205
PNG,Papua New Guinea,2026,76.98251466934495,44.695,91.47635530357071
PNG,Papua New Guinea,2027,76.99169859340682,44.695,91.47609554771398
PNG,Papua New Guinea,2028,76.99866473271756,44.695,91.47603886570838
POL,Poland,2024,86.87286829621148,87.467,87.71522309900215
POL,Poland,2025,86.8772710564393,87.467,86.35075784889393
POL,Poland,2026,86.87952961780368,87.467,85.73053673314946
POL,Poland,2027,86.88068823175782,87.467,85.44861366300546
POL,Poland,2028,86.88128258633941,87.467,85.32046482146849
PRT,Portugal,2024,81.11282502445447,63.081,77.74623183498558
PRT,Portugal,2025,81.08933421285404,63.081,77.68213663633348
PRT,Portugal,2026,81.08338445958435,63.081,77.64894397738298
PRT,Portugal,2027,81.08187750594766,63.081,77.63175466162497
PRT,Portugal,2028,81.081495824698,63.081,77.62285291691481
PRY,Paraguay,2024,73.01204056178491,60.939,76.82658310491215
PRY,Paraguay,2025,72.99970114396626,60.939,76.5312928631762
PRY,Paraguay,2026,73.00688889831724,60.939,76.76980587346816
PRY,Paraguay,2027,73.00270200608543,60.939,76.57715319472032
PRY,Paraguay,2028,73.00514088556083,60.939,76.73276338379675
QAT,Qatar,2024,69.93685382068666,79.97,100.00000000170296
QAT,Qatar,2025,69.9409800400372,79.97,100.00000000226352
QAT,Qatar,2026,69.94346415611015,79.97,100.00000000244803
QAT,Qatar,2027,69.94495967346869,79.97,100.00000000250877
QAT,Qatar,2028,69.94586002276961,79.97,100.00000000252876
ROU,Romania,2024,83.16354274599551,91.421,81.06163136973575
ROU,Romania,2025,83.16614741960717,91.421,80.98550711455789
ROU,Romania,2026,83.16479829434552,91.421,81.04309255974859
ROU,Romania,2027,83.16549709167792,91.421,80.99953110236468
ROU,Romania,2028,83.16513514032644,91.421,81.0324838834559
RUS,Russian Federation,2024,81.95314807624347,79.553,83.3645289436345
RUS,Russian Federation,2025,82.29342892866677,79.553,83.35455525281043
RUS,Russian Federation,2026,82.63369969756874,79.553,83.34992229451714
RUS,Russian Federation,2027,82.97396038324817,79.553,83.3477702022851
RUS,Russian Federation,2028,83.31421098600386,79.553,83.34677051683964
RWA,Rwanda,2024,69.09068412299808,63.873,51.36753631755097
RWA,Rwanda,2025,69.0862133318192,63.873,51.5962681221195
RWA,Rwanda,2026,69.08863448686112,63.873,51.50503612256594
RWA,Rwanda,2027,69.08732331138849,63.873,51.54142493066476
RWA,Rwanda,2028,69.0880333779023,63.873,51.52691088557825
SAU,Saudi Arabia,2024,77.48032502342994,66.335,79.52134261026052
SAU,Saudi Arabia,2025,77.47878195627135,66.335,79.30974238937017
SAU,Saudi Arabia,2026,77.4793081538243,66.335,79.19424180904863
SAU,Saudi Arabia,2027,77.47912871648536,66.335,79.13119658159812
SAU,Saudi Arabia,2028,77.47918990597289,66.335,79.09678376139217
SDN,Sudan,2024,44.32741291820607,26.924,29.38800575778186
SDN,Sudan,2025,44.42467922622739,26.924,29.300385126906686
SDN,Sudan,2026,44.4883639565714,26.924,29.340579595618628
SDN,Sudan,2027,44.530061281796286,26.924,29.322141069224806
SDN,Sudan,2028,44.55736244051233,26.924,29.330599428458562
SEN,Senegal,2024,79.03550712700479,58.619,88.58862580794708
SEN,Senegal,2025,79.30548375870028,58.619,88.614115623076
SEN,Senegal,2026,79.53587444836859,58.619,88.6334380041569
SEN,Senegal,2027,79.73248357543449,58.619,88.64808520378338
SEN,Senegal,2028,79.90026443889414,58.619,88.65918841388982
SGP,Singapore,2024,75.02458937571497,91.102,88.94608215458614
SGP,Singapore,2025,75.0863704174515,91.102,88.44378957168946
SGP,Singapore,2026,75.10471930126984,91.102,88.17874796116757
SGP,Singapore,2027,75.11016889434751,91.102,88.0388950991107
SGP,Singapore,2028,75.11178741594294,91.102,87.96509980716773
SLE,Sierra Leone,2024,66.94032957391792,47.061,87.62133693880544
SLE,Sierra Leone,2025,67.11196643716644,47.061,87.62284126423661
SLE,Sierra Leone,2026,66.96119101615851,47.061,87.62289471625904
SLE,Sierra Leone,2027,67.09364057943912,47.061,87.62289661552806
SLE,Sierra Leone,2028,66.97728947462409,47.061,87.62289668301331
SLV,El Salvador,2024,71.64689124785247,64.843,85.53868706268827
SLV,El Salvador,2025,71.70489624957544,64.843,85.53696866034024
SLV,El Salvador,2026,71.66427252775067,64.843,85.53776954355796
SLV,El Salvador,2027,71.69272329451003,64.843,85.53739628177257
SLV,El Salvador,2028,71.67279783980436,64.843,85.53757024516366
SOM,Somalia,2024,55.64655377228843,49.624,21.401313800021494
SOM,Somalia,2025,55.634000253376726,49.624,21.325984325450328
SOM,Somalia,2026,55.62713242137195,49.624,21.28477082881774
SOM,Somalia,2027,55.62337513890974,49.624,21.26222251934985
SOM,Somalia,2028,55.62131958899371,49.624,21.249886117408703
SRB,Serbia,2024,81.79364269566636,87.599,61.08386289114716
SRB,Serbia,2025,81.81181917520924,87.599,61.00229782054046
SRB,Serbia,2026,81.81881675069982,87.599,60.97802945070569
SRB,Serbia,2027,81.82151067515483,87.599,60.9708087890909
SRB,Serbia,2028,81.82254778136098,87.599,60.96866039780998
SSD,South Sudan,2024,50.93642504145732,2.959,51.98428462700508
SSD,South Sudan,2025,50.94624788740973,2.959,51.99510469144362
SSD,South Sudan,2026,50.9512150995939,2.959,52.000132635177856
SSD,South Sudan,2027,50.95372691714679,2.959,52.00246905547722
SSD,South Sudan,2028,50.954997091881644,2.959,52.00355475971414
STP,Sao Tome and Principe,2024,49.1257236838613,56.274,41.97786996955082
STP,Sao Tome and Principe,2025,48.74558761179829,56.274,41.217236942166174
STP,Sao Tome and Principe,2026,49.005615099342904,56.274,41.737587898836104
STP,Sao Tome and Principe,2027,48.82774643796641,56.274,41.3816145077801
STP,Sao Tome and Principe,2028,48.94941534689065,56.274,41.625136795028034
SUR,Suriname,2024,55.81753344242404,28.061,70.07456690734723
SUR,Suriname,2025,55.81697477621208,28.061,69.63277921986754
SUR,Suriname,2026,55.816969571512175,28.061,69.99450703925555
SUR,Suriname,2027,55.81696952302365,28.061,69.69833080114972
SUR,Suriname,2028,55.81696952257192,28.061,69.94083458249264
SVK,Slovak Republic,2024,81.49254779145699,68.584,77.69562821047806
SVK,Slovak Republic,2025,81.49299397920115,68.584,77.78855935912598
SVK,Slovak Republic,2026,81.49315172139912,68.584,77.76530450069923
SVK,Slovak Republic,2027,81.49320748850914,68.584,77.77112373836407
SVK,Slovak Republic,2028,81.49322720403613,68.584,77.76966754687159
SVN,Slovenia,2024,84.90466734281836,78.817,85.14498988335592
SVN,Slovenia,2025,84.90622507770009,78.817,85.05245596413441
SVN,Slovenia,2026,84.90666431120692,78.817,85.03010008935617
SVN,Slovenia,2027,84.9067881615975,78.817,85.02469898734617
SVN,Slovenia,2028,84.9068230836128,78.817,85.02339409978477
SWE,Sweden,2024,84.80365672149453,78.431,70.0195303409971
SWE,Sweden,2025,84.86302796655308,78.431,70.61984306698336
SWE,Sweden,2026,84.84137222711061,78.431,70.48072722452267
SWE,Sweden,2027,84.84927118645258,78.431,70.51296578416965
SWE,Sweden,2028,84.84639003068084,78.431,70.50549485411791
SWZ,Eswatini,2024,44.74220309604387,69.558,4.7915774783123295
SWZ,Eswatini,2025,44.72792896942443,69.558,4.748732122610711
SWZ,Eswatini,2026,44.719712189978566,69.558,4.724065872884557
SWZ,Eswatini,2027,44.71498227085552,69.558,4.709865410183531
SWZ,Eswatini,2028,44.71225953318708,69.558,4.7016901446623445
SYR,Syrian Arab Republic,2024,70.27757055858272,,65.06372934072031
SYR,Syrian Arab Republic,2025,70.30013730069355,,65.14913800889964
SYR,Syrian Arab Republic,2026,70.30596935053109,,65.17086575120693
SYR,Syrian Arab Republic,2027,70.30747655990764,,65.17639323215045
SYR,Syrian Arab Republic,2028,70.30786607648724,,65.17779940887829
TCD,Chad,2024,64.42411604891048,30.584,96.61968354400116
TCD,Chad,2025,64.42410896629875,30.584,96.60640391415949
TCD,Chad,2026,64.42410873543011,30.584,96.60167815540208
TCD,Chad,2027,64.4241087279046,30.584,96.59999642209328
TCD,Chad,2028,64.42410872765929,30.584,96.59939795165349
TGO,Togo,2024,70.77059704685813,57.056,85.81849607744908
TGO,Togo,2025,70.71625732523553,57.056,85.73607663196776
TGO,Togo,2026,70.74638011803872,57.056,85.71039472552215
TGO,Togo,2027,70.72968178725657,57.056,85.7023922412197
TGO,Togo,2028,70.73893837421156,57.056,85.69989866640871
THA,Thailand,2024,76.90968473368619,58.944,98.80757072963503
THA,Thailand,2025,76.89020702777061,58.944,98.80788638354169
THA,Thailand,2026,76.88889572113766,58.944,98.80785732855966
THA,Thailand,2027,76.88880743943277,58.944,98.80786000298238
THA,Thailand,2028,76.88880149600259,58.944,98.8078597568099
TJK,Tajikistan,2024,76.30164835310833,76.477,68.55924092557659
TJK,Tajikistan,2025,76.55038689285045,76.477,68.20765225718517
TJK,Tajikistan,2026,76.79904897273663,76.477,67.89049583966207
TJK,Tajikistan,2027,77.04763461626987,76.477,67.60439960784576
TJK,Tajikistan,2028,77.296143846946,76.477,67.34632173416213
TKM,Turkmenistan,2024,70.32449642897313,71.213,79.85559053539811
TKM,Turkmenistan,2025,70.59297428713735,71.213,79.23189270091454
TKM,Turkmenistan,2026,70.86143357577713,71.213,78.63927633915107
TKM,Turkmenistan,2027,71.12987429617684,71.213,78.07619253027336
TKM,Turkmenistan,2028,71.39829644962077,71.213,77.54116954360333
TTO,Trinidad and Tobago,2024,75.75632053493295,50.086,87.55162070170421
TTO,Trinidad and Tobago,2025,76.14701946083025,50.086,87.63719221671624
TTO,Trinidad and Tobago,2026,76.53769677888698,50.086,87.71799587464152
TTO,Trinidad and Tobago,2027,76.9283524902982,50.086,87.794297330017
TTO,Trinidad and Tobago,2028,77.31898659625885,50.086,87.8663474356917
TUN,Tunisia,2024,62.82946108689392,48.761,39.80149031981951
TUN,Tunisia,2025,62.99345159002204,48.761,40.75382469989304
TUN,Tunisia,2026,63.08495833238392,48.761,41.42241831845325
TUN,Tunisia,2027,63.13601911784381,48.761,41.89180957023704
TUN,Tunisia,2028,63.16451104908828,48.761,42.22134928036112
TUR,Türkiye,2024,69.91418601582586,71.624,62.86837781042604
TUR,Türkiye,2025,69.86048458628778,71.624,62.740427353914875
TUR,Türkiye,2026,69.81529318236973,71.624,62.6466745533037
TUR,Türkiye,2027,69.7772632266376,71.624,62.577979310925464
TUR,Türkiye,2028,69.74525984972084,71.624,62.52764442711783
TZA,Tanzania,2024,73.97629692117744,54.792,90.70466907671769
TZA,Tanzania,2025,73.88962526519433,54.792,90.70610836198115
TZA,Tanzania,2026,73.90114902752653,54.792,90.7061832304739
TZA,Tanzania,2027,73.89961684152198,54.792,90.70618712497024
TZA,Tanzania,2028,73.89982055918682,54.792,90.70618732755348
UGA,Uganda,2024,69.4775780633716,53.574,85.27389879850415
UGA,Uganda,2025,69.37096926691939,53.574,85.23007621510828
UGA,Uganda,2026,69.44032831588511,53.574,85.25167851848921
UGA,Uganda,2027,69.39520373110861,53.574,85.2410296823139
UGA,Uganda,2028,69.42456151760679,53.574,85.24627901660428
UKR,Ukraine,2024,78.1055401731402,70.462,63.26072872811759
UKR,Ukraine,2025,78.32355244169928,70.462,63.25860485789424
UKR,Ukraine,2026,78.14324567089783,70.462,63.25798449534989
UKR,Ukraine,2027,78.29236815749786,70.462,63.25780329327728
UKR,Ukraine,2028,78.16903659368062,70.462,63.25775036585376
URY,Uruguay,2024,84.61505060344513,63.995,70.4021399745666
URY,Uruguay,2025,84.32978856964289,63.995,70.27968520007093
URY,Uruguay,2026,84.54775404741298,63.995,70.24894857272896
URY,Uruguay,2027,84.3812091032215,63.995,70.24123355904943
URY,Uruguay,2028,84.50846420214593,63.995,70.239297060441
USA,United States,2024,81.84040363734346,79.127,82.82610606931921
USA,United States,2025,81.81465518374202,79.127,82.0731920534611
USA,United States,2026,81.80423032868474,79.127,81.52595502611116
USA,United States,2027,81.80000958577537,79.127,81.12820925727794
USA,United States,2028,81.79830072070156,79.127,80.8391175315392
UZB,Uzbekistan,2024,72.4831235371138,73.33,76.60746343140418
UZB,Uzbekistan,2025,72.48727305312674,73.33,76.22416657805549
UZB,Uzbekistan,2026,72.48818709077226,73.33,75.87481175671958
UZB,Uzbekistan,2027,72.48838843107671,73.33,75.55639330343891
UZB,Uzbekistan,2028,72.48843278145813,73.33,75.26617171439099
VEN,"Venezuela, RB",2024,76.52940963166904,56.421,79.86521965490276
VEN,"Venezuela, RB",2025,76.50577824211435,56.421,79.85113757909234
VEN,"Venezuela, RB",2026,76.49886110794505,56.421,79.84994138868139
VEN,"Venezuela, RB",2027,76.4968363964906,56.421,79.84983977926538
VEN,"Venezuela, RB",2028,76.49624374404618,56.421,79.84983114813666
VNM,Vietnam,2024,76.18525186109657,77.452,95.01047247132657
VNM,Vietnam,2025,76.18751655202173,77.452,94.9278471283705
VNM,Vietnam,2026,76.18714733271489,77.452,94.86663401462351
VNM,Vietnam,2027,76.1872075276382,77.452,94.82128418416539
VNM,Vietnam,2028,76.18719771388056,77.452,94.78768669178686
YEM,"Yemen, Rep.",2024,53.1855546920762,17.061,49.285326150965055
YEM,"Yemen, Rep.",2025,53.205756718162824,17.061,49.38017150373405
YEM,"Yemen, Rep.",2026,53.19794507202228,17.061,49.343555311260936
YEM,"Yemen, Rep.",2027,53.200965651005966,17.061,49.35769143403433
YEM,"Yemen, Rep.",2028,53.19979766448526,17.061,49.35223401332596
ZAF,South Africa,2024,70.05374076051251,54.497,0.000618522691421456
ZAF,South Africa,2025,69.92277854147365,54.497,0.00044555835029561975
ZAF,South Africa,2026,69.98446728206,54.497,0.0004939262820077803
ZAF,South Africa,2027,69.95540927782748,54.497,0.00048040062230888196
ZAF,South Africa,2028,69.9690968260243,54.497,0.000484182952125652
ZMB,Zambia,2024,65.11027047026684,42.574,77.55841969547987
ZMB,Zambia,2025,65.11402127987701,42.574,77.61253305450654
ZMB,Zambia,2026,65.11359330452011,42.574,77.60146550497575
ZMB,Zambia,2027,65.1136421374189,42.574,77.60372909856558
ZMB,Zambia,2028,65.11363656548126,42.574,77.60326613646853
ZWE,Zimbabwe,2024,63.163976265183635,28.203,70.4130836150729
ZWE,Zimbabwe,2025,63.16434229690498,28.203,70.40763996774666
ZWE,Zimbabwe,2026,63.16416075934952,28.203,70.40389668132421
ZWE,Zimbabwe,2027,63.164250794945126,28.203,70.40132263631344
ZWE,Zimbabwe,2028,63.16420614077726,28.203,70.39955261207011
_Africa,Sub-Saharan Africa,2024,65.6750995007168,50.631916927247566,74.08070494817629
_Africa,Sub-Saharan Africa,2025,65.71560823924312,50.634412398318304,74.07841803350057
_Africa,Sub-Saharan Africa,2026,65.74952269104946,50.6365473078777,74.07831193809058
_Africa,Sub-Saharan Africa,2027,65.77791631877442,50.638373752143174,74.07830701607222
_Africa,Sub-Saharan Africa,2028,65.80168783954046,50.63993630013974,74.07830678772808
_E_Euro_Asia,Eastern Europe and Central Asia,2024,74.11182882327638,68.22742792517886,75.4246630385691
_E_Euro_Asia,Eastern Europe and Central Asia,2025,74.27935262129336,68.03388208050633,75.26795225162408
_E_Euro_Asia,Eastern Europe and Central Asia,2026,74.44685710627769,67.84036246242809,75.3797519922855
_E_Euro_Asia,Eastern Europe and Central Asia,2027,74.61434228045589,67.64686906739027,75.29999244123208
_E_Euro_Asia,Eastern Europe and Central Asia,2028,74.7818081460542,67.45340189183949,75.35689405787812
_E_S_Asia,East and South Asia,2024,74.78610620926736,72.73470716827917,80.48731963708627
_E_S_Asia,East and South Asia,2025,74.62148345715485,72.6975827875895,80.45985498772913
_E_S_Asia,East and South Asia,2026,74.75808504160031,72.6606260970408,80.456512619104
_E_S_Asia,East and South Asia,2027,74.64473501778188,72.62383633917982,80.45610586248094
_E_S_Asia,East and South Asia,2028,74.73879123207689,72.58721275997468,80.4560563613729
_HIC,High-income Countries,2024,83.24783872151268,73.65696966678594,83.34371498179578
_HIC,High-income Countries,2025,83.07605590780503,73.63405907159179,82.45886423086266
_HIC,High-income Countries,2026,82.9465583259396,73.64997962594735,83.12537556642934
_HIC,High-income Countries,2027,82.84893724646695,73.63891644540402,82.62332778043785
_HIC,High-income Countries,2028,82.77534610275501,73.64660424075342,83.00149386099619
_LAC,Latin America and the Caribbean,2024,75.19663073887324,60.181764595038345,72.43766713725466
_LAC,Latin America and the Caribbean,2025,75.19400703927727,60.180591820048456,72.68319007774801
_LAC,Latin America and the Caribbean,2026,75.19483193751003,60.17947849994728,72.58860604194474
_LAC,Latin America and the Caribbean,2027,75.19457258727975,60.17842162061546,72.62504312522037
_LAC,Latin America and the Caribbean,2028,75.19465412769199,60.177418320737154,72.61100628458063
_LIC,Low-income Countries,2024,57.9109763422837,44.00080020771618,76.13470605033334
_LIC,Low-income Countries,2025,57.909357373356244,44.004403329050334,76.09492546103027
_LIC,Low-income Countries,2026,57.909855479465186,44.003489056285694,76.11829848718537
_LIC,Low-income Countries,2027,57.90970222779274,44.00372104810907,76.10456570038615
_LIC,Low-income Countries,2028,57.90974937853971,44.003662181424865,76.1126343788714
_LIC_LMIC,Lower & Lower-middle Income,2023,68.98731744941534,58.33758522799598,76.2464556651716
_LIC_LMIC,Lower & Lower-middle Income,2024,68.98663814908586,58.22886527858515,76.3046866088413
_LIC_LMIC,Lower & Lower-middle Income,2025,68.98660135001698,58.12277497128309,76.29856091558185
_LIC_LMIC,Lower & Lower-middle Income,2026,68.9865993565372,58.0192507021454,76.29920531726151
_LIC_LMIC,Lower & Lower-middle Income,2027,68.98659924854638,57.91823040563536,76.29913752844037
_LMIC,Lower-middle-income Countries,2024,71.36790491853192,61.40434468540722,76.32766329642945
_LMIC,Lower-middle-income Countries,2025,71.3677094262522,61.38776563150387,76.39779798334544
_LMIC,Lower-middle-income Countries,2026,71.36770040837602,61.37126248911055,76.38945152489647
_LMIC,Lower-middle-income Countries,2027,71.36769999238982,61.35483491064667,76.39044480470855
_LMIC,Lower-middle-income Countries,2028,71.36769997320076,61.33848255012314,76.39032659831106
_MENA,Middle East and North Africa,2024,70.77391218274774,58.498487503931294,61.59300004596518
_MENA,Middle East and North Africa,2025,70.77663030178505,58.50400851907871,61.55767481795115
_MENA,Middle East and North Africa,2026,70.77834362692298,58.50497657320979,61.523948512965255
_MENA,Middle East and North Africa,2027,70.7794235954556,58.50514631170455,61.49174875907972
_MENA,Middle East and North Africa,2028,70.78010433725156,58.50517607363178,61.46100646013169
_OECD,OECD members,2024,80.82528984216735,70.85278860714932,81.71098027311493
_OECD,OECD members,2025,80.6435488345409,70.85259496196647,80.97277163407047
_OECD,OECD members,2026,80.52880348949718,70.8524175744308,81.48065794700132
_OECD,OECD members,2027,80.45635702085944,70.8522550796176,81.13123301044628
_OECD,OECD members,2028,80.41061668327904,70.8521062271956,81.37163678423948
_Oceania,Oceania,2024,66.56272784261468,42.26921109462138,90.85391937497181
_Oceania,Oceania,2025,66.56154129515299,42.26941812684732,90.85035413022392
_Oceania,Oceania,2026,66.56124627242738,42.26962117485629,90.84930195203921
_Oceania,Oceania,2027,66.56117291808512,42.26982031532227,90.84899143228232
_Oceania,Oceania,2028,66.56115467928836,42.270015623443705,90.8488997914169
_SIDS,Small Island Developing States,2024,67.79827019043013,58.443360075368844,77.07765527966487
_SIDS,Small Island Developing States,2025,67.89900590814406,58.4516424059178,77.22432720175713
_SIDS,Small Island Developing States,2026,67.95895553540895,58.45719229111471,77.31015285346095
_SIDS,Small Island Developing States,2027,67.99463263079039,58.46091119915838,77.36037407089172
_SIDS,Small Island Developing States,2028,68.01586470833497,58.463403192514384,77.389761213665
_UMIC,Upper-middle-income Countries,2024,76.48139401490155,78.27690518584772,77.60922687548306
_UMIC,Upper-middle-income Countries,2025,76.46224073956145,78.2338446043377,77.61626126592674
_UMIC,Upper-middle-income Countries,2026,76.45692676374557,78.19081822827701,77.61387921459529
_UMIC,Upper-middle-income Countries,2027,76.45545242901846,78.14782603049433,77.61468584718003
_UMIC,Upper-middle-income Countries,2028,76.45504338257888,78.10486798383991,77.61441269768144
_World,World,2024,73.73556071951721,67.17781044733738,77.07342711940709
_World,World,2025,73.73484913042451,67.09663944497042,76.90900658602078
_World,World,2026,73.73482712506151,67.01548698866074,76.87506855918397
_World,World,2027,73.73482644456205,66.93435307417091,76.86806341425557
_World,World,2028,73.7348264235181,66.85323769726448,76.86661748294955
